Filename,File Type,Pixel Type,Number of Series,Number of Channels,Size X (px),Size Y (px),Size Z (px),Voxel X (um),Voxel Y (um),Voxel Z (um),Physical Size X (um),Physical Size Y (um),Physical Size Z (um),ppm
1_1_Embryo_1_end_of_nc12-gastrulation.czi,czi,uint16,1,2,1024,1024,10,0.194976806640625,0.194976806640625,2.23,199.65625,199.65625,22.3,5.128815151040851
2_2_Time_course_nc10_or_11_to_gastrulation.czi,czi,uint16,1,2,2048,2048,1,0.0974884033203125,0.0974884033203125,,199.65625,199.65625,,10.257630302081703
3_3_nc_12_to_gastrulation.czi,czi,uint16,1,2,2048,2048,1,0.10398763020833326,0.10398763020833326,,212.96666666666653,212.96666666666653,,9.616528408201603
4_4_Embryo_1_nc12-gastrulation.czi,czi,uint16,1,2,2048,2048,1,0.10398763020833326,0.10398763020833326,,212.96666666666653,212.96666666666653,,9.616528408201603
5_5_Embryo_2_nc11-gastrulation.czi,czi,uint16,1,2,2048,2048,1,0.10398763020833326,0.10398763020833326,,212.96666666666653,212.96666666666653,,9.616528408201603
6_2021_04_06.lif,lif,uint16,5,1,1024,1024,1,0.5681818181818181,0.5681818181818181,,581.8181818181818,581.8181818181818,,1.7600000000000002
7_2022_03_18.lif,lif,uint16,4,1,1024,1024,1,0.5213080156402737,0.5213080156402737,,533.8194080156403,533.8194080156403,,1.91825172450455
8_1_embryo_1_nc10-gastrulation.czi,czi,uint16,1,2,1024,1024,1,0.18569219680059526,0.18569219680059526,,190.14880952380955,190.14880952380955,,5.385255908592893
9_2_embryo_1_nc10-gastrulation.czi,czi,uint16,1,2,1024,1024,1,0.18569219680059526,0.18569219680059526,,190.14880952380955,190.14880952380955,,5.385255908592893
10_3_embryo_1_nc12-gastrulation.czi,czi,uint16,1,2,1024,1024,1,0.18569219680059526,0.18569219680059526,,190.14880952380955,190.14880952380955,,5.385255908592893
11_4_embryo_1_nc10-nc14.czi,czi,uint16,1,2,1024,1024,1,0.18569219680059526,0.18569219680059526,,190.14880952380955,190.14880952380955,,5.385255908592893
12_5_embryo_1_nc10-nc14.czi,czi,uint16,1,2,1024,1024,1,0.18569219680059526,0.18569219680059526,,190.14880952380955,190.14880952380955,,5.385255908592893
13_6_embryo1-nc13-gastrulation.czi,czi,uint16,1,2,1024,1024,1,0.18569219680059526,0.18569219680059526,,190.14880952380955,190.14880952380955,,5.385255908592893
14_7_embryo2-nc11-nc14end.czi,czi,uint16,1,2,1024,1024,1,0.18569219680059526,0.18569219680059526,,190.14880952380955,190.14880952380955,,5.385255908592893
15_8_embryo1-nc10-gastrulation.czi,czi,uint16,1,2,1024,1024,1,0.18569219680059526,0.18569219680059526,,190.14880952380955,190.14880952380955,,5.385255908592893
16_9_embryo1-nc10-gastrulation.czi,czi,uint16,1,2,1024,1024,1,0.18569219680059526,0.18569219680059526,,190.14880952380955,190.14880952380955,,5.385255908592893
17_10_embryo1-nc10-gastrulation.czi,czi,uint16,1,2,1024,1024,1,0.18569219680059526,0.18569219680059526,,190.14880952380955,190.14880952380955,,5.385255908592893
18_2010-02-27_86H2A_xs_mdb_01timecourse.lsm,lsm,uint16,1,2,512,512,8,0.366210937269977,0.366210937269977,1.7999999999999996,187.49999988222822,187.49999988222822,14.399999999999997,2.7306666683818426
19_2010-03-13_H2Arfp_dlgfp_xs_mdb_02timecourse.lsm,lsm,uint16,1,2,512,512,6,0.43945312472397235,0.43945312472397235,1.7999999999999996,224.99999985867385,224.99999985867385,10.799999999999997,2.275555556984869
20_2010-03-23_H2Arfp_dlgfp_xs_mdb_03timecourse.lsm,lsm,uint16,1,2,512,512,1,0.43945312472397235,0.43945312472397235,,224.99999985867385,224.99999985867385,,2.275555556984869
21_2010-03-24_H2Arfp_dlgfp_xs_mdb_03timecourse.lsm,lsm,uint16,1,2,1024,1024,1,0.21972656236198618,0.21972656236198618,,224.99999985867385,224.99999985867385,,4.551111113969738
22_2010-03-25_H2Arfp_dlgfp_xs_mdb_02timecourse.lsm,lsm,uint16,1,2,1024,1024,1,0.2197265623619862,0.2197265623619862,,224.99999985867387,224.99999985867387,,4.551111113969737
23_2010-03-25_H2Arfp_dlgfp_xs_mdb_03timecourse.lsm,lsm,uint16,1,2,1024,1024,1,0.2197265623619862,0.2197265623619862,,224.99999985867387,224.99999985867387,,4.551111113969737
24_2010-11-11_dl1dl4_86H2A_xs_mdb_02_timecourse.lsm,lsm,uint16,1,2,512,512,1,0.43945312472397235,0.43945312472397235,,224.99999985867385,224.99999985867385,,2.275555556984869
25_2010-11-13_dl1CyO_86H2ATM3_xs_mdb_02_timecourse.lsm,lsm,uint16,1,2,512,512,1,0.43945312472397235,0.43945312472397235,,224.99999985867385,224.99999985867385,,2.275555556984869
26_2010-12-20_dl1CyO_86H2ATM3_xs_mdb_01_timecourse.lsm,lsm,uint16,1,2,512,512,1,0.4394531247239724,0.4394531247239724,,224.99999985867387,224.99999985867387,,2.2755555569848687
27_2011-01-23_dlVenus-H2Arfp_live_mdb_embryo3_timecourse.lsm,lsm,uint8,1,2,512,512,1,0.43945312472397235,0.43945312472397235,,224.99999985867385,224.99999985867385,,2.275555556984869
28_dorsal_dosage_good_files_2018-01-30_2018-01-30_1_copy_dorsal_embryo_01.lsm,lsm,uint16,1,2,512,512,1,0.4151329104819196,0.4151329104819196,,212.54805016674283,212.54805016674283,,2.408867075460531
29_dorsal_dosage_good_files_2018-02-01_2018-02-01_2_copy_dorsal_embryo_01.lsm,lsm,uint16,1,2,512,512,1,0.4151329104819196,0.4151329104819196,,212.54805016674283,212.54805016674283,,2.408867075460531
30_dorsal_dosage_good_files_2018-02-02_2018-02-02_1_copy_dorsal_embryo_02.lsm,lsm,uint16,1,2,512,512,1,0.4151329104819196,0.4151329104819196,,212.54805016674283,212.54805016674283,,2.408867075460531
31_dorsal_dosage_good_files_2018-02-07_2018-02-07_1_copy_dorsal.lsm,lsm,uint16,1,2,512,512,1,0.4151329104819196,0.4151329104819196,,212.54805016674283,212.54805016674283,,2.408867075460531
32_dorsal_dosage_good_files_2018-02-14_2018-02-14_4_copy_dorsal_embryo_03.lsm,lsm,uint16,1,2,512,512,1,0.4151329104819196,0.4151329104819196,,212.54805016674283,212.54805016674283,,2.408867075460531
33_dorsal_dosage_good_files_2018-02-24_2018-02-24_2_copy_dorsal_embryo_06.lsm,lsm,uint16,1,2,512,512,1,0.4151329104819196,0.4151329104819196,,212.54805016674283,212.54805016674283,,2.408867075460531
34_dorsal_dosage_good_files_2018-05-29_4_copy_dorsal_embryo_25.lsm,lsm,uint16,1,2,512,512,1,0.4151329104819196,0.4151329104819196,,212.54805016674283,212.54805016674283,,2.408867075460531
35_dorsal_dosage_good_files_2018-06-02_1_copy_dorsal_embryo_30.lsm,lsm,uint16,1,2,512,512,1,0.4151329104819196,0.4151329104819196,,212.54805016674283,212.54805016674283,,2.408867075460531
36_dorsal_dosage_good_files_2018-06-02_4_copy_dorsal_embryo_28.lsm,lsm,uint16,1,2,512,512,1,0.4151329104819196,0.4151329104819196,,212.54805016674283,212.54805016674283,,2.408867075460531
37_nc 12-gastrulation.czi,czi,uint16,1,2,1024,1024,7,0.4159505208333334,0.4159505208333334,1.9800000000000002,425.9333333333334,425.9333333333334,13.860000000000001,2.404132102050399
38_1.czi,czi,uint16,1,2,1024,1024,1,0.1559814453125,0.1559814453125,,159.725,159.725,,6.411018938801065
39_1-nc14.czi,czi,uint16,1,2,1024,1024,1,0.1559814453125,0.1559814453125,,159.725,159.725,,6.411018938801065
40_embryo1.czi,czi,uint16,1,1,1024,1024,1,0.4393843529929576,0.4393843529929576,,449.92957746478857,449.92957746478857,,2.275911723274379
41_embryo2.czi,czi,uint16,1,1,1024,1024,1,0.4393843529929576,0.4393843529929576,,449.92957746478857,449.92957746478857,,2.275911723274379
42_embryo3.czi,czi,uint16,1,1,1024,1024,1,0.46561625466417905,0.46561625466417905,,476.79104477611935,476.79104477611935,,2.147691344498357
43_embryo4.czi,czi,uint16,1,1,1024,1024,1,0.4273464255136985,0.4273464255136985,,437.60273972602727,437.60273972602727,,2.3400219126623893
